S	A Cottage for Sale	https://archive.org/download/pleasebringithome/A%20Cottage%20for%20Sale.mp3
S	A Monster	https://archive.org/download/pleasebringithome/A%20Monster.mp3
S	A Single Woman	https://archive.org/download/nina_20210202/51%20A%20Single%20Woman.mp3
S	African Mailman	https://archive.org/download/pleasebringithome/African%20Mailman.mp3
S	After You've Gone [Live]	https://archive.org/download/nina-simone-the-great-nina-simone/The%20Great%20Nina%20Simone/13%20After%20You%27ve%20Gone%20%5BLive%5D.mp3
S	Ain't Got No, I Got Life	https://archive.org/download/AintGotNoIGotLifeNinaSimone/Ain%27t%20Got%20No%2C%20I%20Got%20Life%2C%20Nina%20Simone.mp3
S	Ain't Got No... I Got Life [Live]	https://archive.org/download/nina-simone-the-great-nina-simone/The%20Great%20Nina%20Simone/11%20Ain%27t%20Got%20No...%20I%20Got%20Life%20%5BLive%5D.mp3
S	Ain't No Use	https://archive.org/download/nina-simone-1965-pastel-blues/07.%20Nina%20Simone%20-%20Ain%27t%20No%20Use.mp3
S	Angel of the Morning	https://archive.org/download/pleasebringithome/Angel%20of%20the%20Morning.mp3
S	Another Spring	https://archive.org/download/pleasebringithome/Another%20Spring.mp3
S	Backlash Blues	https://archive.org/download/pleasebringithome/Backlash%20Blues.mp3
S	Balm In Gilead	https://archive.org/download/pleasebringithome/Balm%20In%20Gilead.mp3
S	Baltimore	https://archive.org/download/pleasebringithome/Baltimore.mp3
S	Be My Husband	https://archive.org/download/nina-simone-1965-pastel-blues/01.%20Nina%20Simone%20-%20Be%20My%20Husband.mp3
S	Black Is The Color Of My True Love's Hair	https://archive.org/download/nina_20210202/34%20Black%20Is%20The%20Color%20Of%20My%20True%20Love%27s%20Hair.mp3
S	Blue Prelude	https://archive.org/download/pleasebringithome/Blue%20Prelude.mp3
S	Blues for Mama	https://archive.org/download/pleasebringithome/Blues%20for%20Mama.mp3
S	Break Down And Let It All Out	https://archive.org/download/pleasebringithome/Break%20Down%20And%20Let%20It%20All%20Out.mp3
S	Buck	https://archive.org/download/pleasebringithome/Buck.mp3
S	Can't Get Out of This Mood	https://archive.org/download/pleasebringithome/Can%27t%20Get%20Out%20of%20This%20Mood.mp3
S	Central Park Blues	https://archive.org/download/nina-simone-the-great-nina-simone/The%20Great%20Nina%20Simone/05%20Central%20Park%20Blues.mp3
S	Chain Gang (The Work Song)	https://archive.org/download/pleasebringithome/Chain%20Gang%20%28The%20Work%20Song%29.mp3
S	Chauffeur	https://archive.org/download/pleasebringithome/Chauffeur.mp3
S	Cherish	https://archive.org/download/pleasebringithome/Cherish.mp3
S	Children Go Where I Send You	https://archive.org/download/pleasebringithome/Children%20Go%20Where%20I%20Send%20You.mp3
S	Chilly Winds Don't Blow	https://archive.org/download/pleasebringithome/Chilly%20Winds%20Don%27t%20Blow.mp3
S	Com' By H'Yere Good Lord	https://archive.org/download/pleasebringithome/Com%27%20By%20H%27Yere%20Good%20Lord.mp3
S	Compensation	https://archive.org/download/pleasebringithome/Compensation.mp3
S	Consummation	https://archive.org/download/pleasebringithome/Consummation.mp3
S	Cotton Eyed Joe (Live Version - Sept. 1959)	https://archive.org/download/pleasebringithome/Cotton%20Eyed%20Joe%20%28Live%20Version%20-%20Sept.%201959%29.mp3
S	Cotton-Eyed Joe [Studio Recording] (1959)	https://archive.org/download/nina-simone-at-town-hall-1959/08.%20Nina%20Simone%20-%20Cotton-Eyed%20Joe%20%5BStudio%20Recording%5D%20%281959%29.m4a
S	Dambala	https://archive.org/download/pleasebringithome/Dambala.mp3
S	Day and Night	https://archive.org/download/pleasebringithome/Day%20and%20Night.mp3
S	Do I Move You	https://archive.org/download/pleasebringithome/Do%20I%20Move%20You.mp3
S	Do What You Gotta Do	https://archive.org/download/nina_20210202/24%20Do%20What%20You%20Gotta%20Do.mp3
S	Don't Explain	https://archive.org/download/pleasebringithome/Don%27t%20Explain.mp3
S	Don't Let Me Be Misunderstood	https://archive.org/download/nina-simone-dont-let-me-be-misunderstood-remastered/Nina%20SIMONE%20-%20Don%27t%20Let%20Me%20Be%20Misunderstood%20%28Remastered%29.mp3
S	Don't Let Me Be Misunderstood [Li	https://archive.org/download/nina-simone-the-great-nina-simone/The%20Great%20Nina%20Simone/10%20Don%27t%20Let%20Me%20Be%20Misunderstood%20%5BLi.mp3
S	Don't Smoke in Bed (2013 Remastered Version)	https://archive.org/download/pleasebringithome/Don%27t%20Smoke%20in%20Bed%20%282013%20Remastered%20Version%29.mp3
S	Don't Take All Night	https://archive.org/download/pleasebringithome/Don%27t%20Take%20All%20Night.mp3
S	Either Way I Lose	https://archive.org/download/pleasebringithome/Either%20Way%20I%20Lose.mp3
S	End of the Line	https://archive.org/download/nina-simone-1965-pastel-blues/03.%20Nina%20Simone%20-%20End%20of%20the%20Line.mp3
S	Erets Zavat Chalav	https://archive.org/download/pleasebringithome/Erets%20Zavat%20Chalav.mp3
S	Everyone's Gone to the Moon	https://archive.org/download/pleasebringithome/Everyone%27s%20Gone%20to%20the%20Moon.mp3
S	Everything Must Change	https://archive.org/download/pleasebringithome/Everything%20Must%20Change.mp3
S	Exactly Like You (1959)	https://archive.org/download/nina-simone-at-town-hall-1959/02.%20Nina%20Simone%20-%20Exactly%20Like%20You%20%281959%29.m4a
S	Feeling Good	https://archive.org/download/nina_20210202/14%20Feeling%20Good%20.mp3
S	Fine and Mellow (1959)	https://archive.org/download/nina-simone-at-town-hall-1959/11.%20Nina%20Simone%20-%20Fine%20and%20Mellow%20%281959%29.m4a
S	For All We Know	https://archive.org/download/pleasebringithome/For%20All%20We%20Know.mp3
S	For Myself	https://archive.org/download/pleasebringithome/For%20Myself.mp3
S	Forbidden Fruit	https://archive.org/download/pleasebringithome/Forbidden%20Fruit.mp3
S	Forget	https://archive.org/download/pleasebringithome/Forget.mp3
S	Four Women	https://archive.org/download/pleasebringithome/Four%20Women.mp3
S	Funkier Than a Mosquito's Tweeter	https://archive.org/download/pleasebringithome/Funkier%20Than%20a%20Mosquito%27s%20Tweeter.mp3
S	Gin House Blues	https://archive.org/download/pleasebringithome/Gin%20House%20Blues.mp3
S	Go to Hell	https://archive.org/download/pleasebringithome/Go%20to%20Hell.mp3
S	Good Bait (2013 Remastered Version)	https://archive.org/download/pleasebringithome/Good%20Bait%20%282013%20Remastered%20Version%29.mp3
S	Goodbye	https://archive.org/download/pleasebringithome/Goodbye.mp3
S	He Needs Me (2013 Remastered Version)	https://archive.org/download/pleasebringithome/He%20Needs%20Me%20%282013%20Remastered%20Version%29.mp3
S	He's Got The Whole World In His H	https://archive.org/download/nina-simone-the-great-nina-simone/The%20Great%20Nina%20Simone/17%20He%27s%20Got%20The%20Whole%20World%20In%20His%20H.mp3
S	He's Got the Whole World in His Hands	https://archive.org/download/pleasebringithome/He%27s%20Got%20the%20Whole%20World%20in%20His%20Hands.mp3
S	Here Comes the Sun	https://archive.org/download/pleasebringithome/Here%20Comes%20the%20Sun.mp3
S	HouseOfTheRisingSunliveAtTheBitterEnd1968	https://archive.org/download/NinaSimone-HouseOfTheRisingSun/NinaSimone-HouseOfTheRisingSunliveAtTheBitterEnd1968.mp3
S	How Can I	https://archive.org/download/pleasebringithome/How%20Can%20I.mp3
S	How Long Must I Wonder	https://archive.org/download/pleasebringithome/How%20Long%20Must%20I%20Wonder.mp3
S	Hush Little Baby	https://archive.org/download/pleasebringithome/Hush%20Little%20Baby.mp3
S	I Am Blessed	https://archive.org/download/pleasebringithome/I%20Am%20Blessed.mp3
S	I Can't See Nobody	https://archive.org/download/pleasebringithome/I%20Can%27t%20See%20Nobody.mp3
S	I Get Along Without You Very Well (Except Sometimes)	https://archive.org/download/pleasebringithome/I%20Get%20Along%20Without%20You%20Very%20Well%20%28Except%20Sometimes%29.mp3
S	I Love to Love	https://archive.org/download/pleasebringithome/I%20Love%20to%20Love.mp3
S	I Love Your Lovin' Ways	https://archive.org/download/pleasebringithome/I%20Love%20Your%20Lovin%27%20Ways.mp3
S	I Loves You Porgy (2013 Remastered Version)	https://archive.org/download/pleasebringithome/I%20Loves%20You%20Porgy%20%282013%20Remastered%20Version%29.mp3
S	I Put A Spell On You	https://archive.org/download/nina_20210202/12%20I%20Put%20A%20Spell%20On%20You%20.mp3
S	I Shall Be Released	https://archive.org/download/pleasebringithome/I%20Shall%20Be%20Released.mp3
S	I Think It's Going to Rain Today	https://archive.org/download/pleasebringithome/I%20Think%20It%27s%20Going%20to%20Rain%20Today.mp3
S	I Want A Little Sugar In My Bowl	https://archive.org/download/nina_20210202/47%20I%20Want%20A%20Little%20Sugar%20In%20My%20Bowl.mp3
S	I Wish I Knew How It Would  Feel To Be Free	https://archive.org/download/pleasebringithome/I%20Wish%20I%20Knew%20How%20It%20Would%20%20Feel%20To%20Be%20Free.mp3
S	I'll Look Around	https://archive.org/download/pleasebringithome/I%27ll%20Look%20Around.mp3
S	If I Should Lose You	https://archive.org/download/pleasebringithome/If%20I%20Should%20Lose%20You.mp3
S	If You Pray Right	https://archive.org/download/pleasebringithome/If%20You%20Pray%20Right.mp3
S	Images (Live In New York, 1964)	https://archive.org/download/pleasebringithome/Images%20%28Live%20In%20New%20York%2C%201964%29.mp3
S	In Love in Vain	https://archive.org/download/pleasebringithome/In%20Love%20in%20Vain.mp3
S	In the Dark (Original Master Mix)	https://archive.org/download/pleasebringithome/In%20the%20Dark%20%28Original%20Master%20Mix%29.mp3
S	In The Morning	https://archive.org/download/nina_20210202/22%20In%20The%20Morning.mp3
S	Isn't It a Pity	https://archive.org/download/pleasebringithome/Isn%27t%20It%20a%20Pity.mp3
S	It Be's That Way Sometime	https://archive.org/download/pleasebringithome/It%20Be%27s%20That%20Way%20Sometime.mp3
S	It Might as Well Be Spring	https://archive.org/download/pleasebringithome/It%20Might%20as%20Well%20Be%20Spring.mp3
S	Jelly Roll	https://archive.org/download/pleasebringithome/Jelly%20Roll.mp3
S	Just Like a Woman	https://archive.org/download/pleasebringithome/Just%20Like%20a%20Woman.mp3
S	Just Like Tom Thumb's Blues	https://archive.org/download/pleasebringithome/Just%20Like%20Tom%20Thumb%27s%20Blues.mp3
S	Just Say I Love Him	https://archive.org/download/pleasebringithome/Just%20Say%20I%20Love%20Him.mp3
S	Lass of the Low Country	https://archive.org/download/pleasebringithome/Lass%20of%20the%20Low%20Country.mp3
S	Last Time for Love	https://archive.org/download/pleasebringithome/Last%20Time%20for%20Love.mp3
S	Let It Be Me	https://archive.org/download/pleasebringithome/Let%20It%20Be%20Me.mp3
S	Li'l Liza Jane (Live at the Newport Jazz Festival, Newport, RI, June 30, 1960)	https://archive.org/download/pleasebringithome/Li%27l%20Liza%20Jane%20%28Live%20at%20the%20Newport%20Jazz%20Festival%2C%20Newport%2C%20RI%2C%20June%2030%2C%201960%29.mp3
S	Lilac Wine	https://archive.org/download/pleasebringithome/Lilac%20Wine.mp3
S	Little Girl Blue (2013 Remastered Version)	https://archive.org/download/pleasebringithome/Little%20Girl%20Blue%20%282013%20Remastered%20Version%29.mp3
S	Love Me or Leave Me (2013 Remastered Version)	https://archive.org/download/pleasebringithome/Love%20Me%20or%20Leave%20Me%20%282013%20Remastered%20Version%29.mp3
S	Love O' Love	https://archive.org/download/pleasebringithome/Love%20O%27%20Love.mp3
S	Medley My Sweet Lordtoday Is A	https://archive.org/download/nina_20210202/43%20Medley%20My%20Sweet%20Lordtoday%20Is%20A.mp3
S	Medley When Malindy Singsswing Low Sweet Chariot	https://archive.org/download/nina_20210202/08%20Medley%20When%20Malindy%20Singsswing%20Low%20Sweet%20Chariot%20.mp3
S	Memphis in June	https://archive.org/download/pleasebringithome/Memphis%20in%20June.mp3
S	Mississippi Goddam	https://archive.org/download/nina_20210202/21%20Mississippi%20Goddam.mp3
S	Mood Indigo (2013 Remastered Version)	https://archive.org/download/pleasebringithome/Mood%20Indigo%20%282013%20Remastered%20Version%29.mp3
S	Mr. Bojangles	https://archive.org/download/nina_20210202/46%20Mr.%20Bojangles.mp3
S	Music for Lovers	https://archive.org/download/pleasebringithome/Music%20for%20Lovers.mp3
S	My Baby Just Cares for Me (2013 Remastered Version)	https://archive.org/download/pleasebringithome/My%20Baby%20Just%20Cares%20for%20Me%20%282013%20Remastered%20Version%29.mp3
S	My Father	https://archive.org/download/pleasebringithome/My%20Father.mp3
S	My Man's Gone Now	https://archive.org/download/pleasebringithome/My%20Man%27s%20Gone%20Now.mp3
S	My Sweet Lord   Today Is a Killer	https://archive.org/download/pleasebringithome/My%20Sweet%20Lord%20%20%20Today%20Is%20a%20Killer.mp3
S	My Way	https://archive.org/download/pleasebringithome/My%20Way.mp3
S	nd Century	https://archive.org/download/pleasebringithome/22nd%20Century.mp3
S	Ne Me Quitte Pas	https://archive.org/download/nina_20210202/13%20Ne%20Me%20Quitte%20Pas%20.mp3
S	Nearer Blessed Lord	https://archive.org/download/pleasebringithome/Nearer%20Blessed%20Lord.mp3
S	New World Coming	https://archive.org/download/pleasebringithome/New%20World%20Coming.mp3
S	Night Song	https://archive.org/download/pleasebringithome/Night%20Song.mp3
S	Nina	https://archive.org/download/pleasebringithome/Nina.mp3
S	No Good Man	https://archive.org/download/pleasebringithome/No%20Good%20Man.mp3
S	No Opportunity Necessary, No Experience Needed	https://archive.org/download/nina_20210202/38%20No%20Opportunity%20Necessary%2C%20No%20Experience%20Needed.mp3
S	Nobody	https://archive.org/download/pleasebringithome/Nobody.mp3
S	Nobody Knows You When You're Down and Out	https://archive.org/download/nina-simone-1965-pastel-blues/02.%20Nina%20Simone%20-%20Nobody%20Knows%20You%20When%20You%27re%20Down%20and%20Out.mp3
S	Nobody's Fault But Mine	https://archive.org/download/pleasebringithome/Nobody%27s%20Fault%20But%20Mine.mp3
S	O-o-h Child	https://archive.org/download/pleasebringithome/O-o-h%20Child.mp3
S	Obeah Woman	https://archive.org/download/pleasebringithome/Obeah%20Woman.mp3
S	Of This I'm Sure	https://archive.org/download/pleasebringithome/Of%20This%20I%27m%20Sure.mp3
S	Old Devil Moon	https://archive.org/download/pleasebringithome/Old%20Devil%20Moon.mp3
S	Other Woman, The	https://archive.org/download/nina_20210202/29%20Other%20Woman%2C%20The.mp3
S	Our Love (Will See Us Through)	https://archive.org/download/pleasebringithome/Our%20Love%20%28Will%20See%20Us%20Through%29.mp3
S	Pirate Jenny	https://archive.org/download/nina_20210202/10%20Pirate%20Jenny%20.mp3
S	Plain Gold Ring (2013 Remastered Version)	https://archive.org/download/pleasebringithome/Plain%20Gold%20Ring%20%282013%20Remastered%20Version%29.mp3
S	Poppies	https://archive.org/download/pleasebringithome/Poppies.mp3
S	Rags and Old Iron	https://archive.org/download/pleasebringithome/Rags%20and%20Old%20Iron.mp3
S	Real Real	https://archive.org/download/pleasebringithome/Real%20Real.mp3
S	Return Home (1959)	https://archive.org/download/nina-simone-at-town-hall-1959/09.%20Nina%20Simone%20-%20Return%20Home%20%281959%29.m4a
S	Revolution	https://archive.org/download/nina_20210202/32%20Revolution.mp3
S	Revolution (Pt. 1)	https://archive.org/download/pleasebringithome/Revolution%20%28Pt.%201%29.mp3
S	Rich Girl	https://archive.org/download/pleasebringithome/Rich%20Girl.mp3
S	Save Me	https://archive.org/download/pleasebringithome/Save%20Me.mp3
S	See-Line Woman	https://archive.org/download/pleasebringithome/See-Line%20Woman.mp3
S	Seems I'm Never Tired Lovin' You	https://archive.org/download/pleasebringithome/Seems%20I%27m%20Never%20Tired%20Lovin%27%20You.mp3
S	Seems I'M Never Tired Loving You	https://archive.org/download/nina_20210202/25%20Seems%20I%27M%20Never%20Tired%20Loving%20You.mp3
S	Silver City Bound	https://archive.org/download/pleasebringithome/Silver%20City%20Bound.mp3
S	Since I Fell for You (Original Mix)	https://archive.org/download/pleasebringithome/Since%20I%20Fell%20for%20You%20%28Original%20Mix%29.mp3
S	Sinnerman	https://archive.org/download/nina-simone-1965-pastel-blues/09.%20Nina%20Simone%20-%20Sinnerman.mp3
S	SinnermanMegaMix	https://archive.org/download/SinnermanMix14Mins/SinnermanMegaMix.mp3
S	Solitaire	https://archive.org/download/pleasebringithome/Solitaire.mp3
S	Some Say	https://archive.org/download/pleasebringithome/Some%20Say.mp3
S	Something Wonderful	https://archive.org/download/pleasebringithome/Something%20Wonderful.mp3
S	Stompin' at the Savoy	https://archive.org/download/pleasebringithome/Stompin%27%20at%20the%20Savoy.mp3
S	Strange Fruit	https://archive.org/download/nina-simone-1965-pastel-blues/08.%20Nina%20Simone%20-%20Strange%20Fruit.mp3
S	Summertime (Part II - Vocal) (1959)	https://archive.org/download/nina-simone-at-town-hall-1959/07.%20Nina%20Simone%20-%20Summertime%20%28Part%20II%20-%20Vocal%29%20%281959%29.m4a
S	Sunday In Savannah	https://archive.org/download/nina_20210202/19%20Sunday%20In%20Savannah%20.mp3
S	Suzanne	https://archive.org/download/pleasebringithome/Suzanne.mp3
S	Tanywey	https://archive.org/download/pleasebringithome/Tanywey.mp3
S	Tell It Like It Is	https://archive.org/download/pleasebringithome/Tell%20It%20Like%20It%20Is.mp3
S	Tell Me More and More and Then Some	https://archive.org/download/nina-simone-1965-pastel-blues/05.%20Nina%20Simone%20-%20Tell%20Me%20More%20and%20More%20and%20Then%20Some.mp3
S	Thandewye	https://archive.org/download/pleasebringithome/Thandewye.mp3
S	That's All I Ask	https://archive.org/download/pleasebringithome/That%27s%20All%20I%20Ask.mp3
S	That's All I Want From You	https://archive.org/download/pleasebringithome/That%27s%20All%20I%20Want%20From%20You.mp3
S	That's Him over There	https://archive.org/download/pleasebringithome/That%27s%20Him%20over%20There.mp3
S	The Ballad Of Hollis Brown	https://archive.org/download/pleasebringithome/The%20Ballad%20Of%20Hollis%20Brown.mp3
S	The Desperate Ones	https://archive.org/download/pleasebringithome/The%20Desperate%20Ones.mp3
S	The Family	https://archive.org/download/pleasebringithome/The%20Family.mp3
S	The House of the Rising Sun	https://archive.org/download/pleasebringithome/The%20House%20of%20the%20Rising%20Sun.mp3
S	The Human Touch	https://archive.org/download/pleasebringithome/The%20Human%20Touch.mp3
S	The Last Rose Of Summer	https://archive.org/download/pleasebringithome/The%20Last%20Rose%20Of%20Summer.mp3
S	The Laziest Gal In Town	https://archive.org/download/pleasebringithome/The%20Laziest%20Gal%20In%20Town.mp3
S	The Look of Love	https://archive.org/download/pleasebringithome/The%20Look%20of%20Love.mp3
S	The Man with the Horn	https://archive.org/download/pleasebringithome/The%20Man%20with%20the%20Horn.mp3
S	The Other Woman [Studio Recording] (1959)	https://archive.org/download/nina-simone-at-town-hall-1959/03.%20Nina%20Simone%20-%20The%20Other%20Woman%20%5BStudio%20Recording%5D%20%281959%29.m4a
S	The Pusher	https://archive.org/download/pleasebringithome/The%20Pusher.mp3
S	The Times They Are A-Changin'	https://archive.org/download/pleasebringithome/The%20Times%20They%20Are%20A-Changin%27.mp3
S	The Turning Point	https://archive.org/download/pleasebringithome/The%20Turning%20Point.mp3
S	The Twelveth of Never	https://archive.org/download/pleasebringithome/The%20Twelveth%20of%20Never.mp3
S	The Young Knight	https://archive.org/download/pleasebringithome/The%20Young%20Knight.mp3
S	Theme from  Middle of the Night	https://archive.org/download/pleasebringithome/Theme%20from%20%20Middle%20of%20the%20Night.mp3
S	This Year's Kisses	https://archive.org/download/pleasebringithome/This%20Year%27s%20Kisses.mp3
S	To Be Young, Gifted And Black	https://archive.org/download/nina_20210202/33%20To%20Be%20Young%2C%20Gifted%20And%20Black.mp3
S	To Love Somebody	https://archive.org/download/pleasebringithome/To%20Love%20Somebody.mp3
S	Tomorrow (We Will Meet Once More)	https://archive.org/download/pleasebringithome/Tomorrow%20%28We%20Will%20Meet%20Once%20More%29.mp3
S	Too Much In Love to Care	https://archive.org/download/pleasebringithome/Too%20Much%20In%20Love%20to%20Care.mp3
S	Trouble in Mind	https://archive.org/download/nina-simone-1965-pastel-blues/04.%20Nina%20Simone%20-%20Trouble%20in%20Mind.mp3
S	Try a Little Tenderness	https://archive.org/download/pleasebringithome/Try%20a%20Little%20Tenderness.mp3
S	Turn Me On	https://archive.org/download/pleasebringithome/Turn%20Me%20On.mp3
S	Turn! Turn! Turn	https://archive.org/download/nina_20210202/28%20Turn%21%20Turn%21%20Turn.mp3
S	Under the Lowest (1959)	https://archive.org/download/nina-simone-at-town-hall-1959/04.%20Nina%20Simone%20-%20Under%20the%20Lowest%20%281959%29.m4a
S	Vanetihu	https://archive.org/download/pleasebringithome/Vanetihu.mp3
S	Westwind	https://archive.org/download/nina_20210202/35%20Westwind.mp3
S	What Have They Done to My Song, Ma	https://archive.org/download/pleasebringithome/What%20Have%20They%20Done%20to%20My%20Song%2C%20Ma.mp3
S	What Is There to Say	https://archive.org/download/pleasebringithome/What%20Is%20There%20to%20Say.mp3
S	What More Can I Say	https://archive.org/download/pleasebringithome/What%20More%20Can%20I%20Say.mp3
S	Whatever I Am (You Made Me)	https://archive.org/download/pleasebringithome/Whatever%20I%20Am%20%28You%20Made%20Me%29.mp3
S	When I Was a Young Girl	https://archive.org/download/pleasebringithome/When%20I%20Was%20a%20Young%20Girl.mp3
S	Where Can I Go Without You	https://archive.org/download/pleasebringithome/Where%20Can%20I%20Go%20Without%20You.mp3
S	Who Am I	https://archive.org/download/pleasebringithome/Who%20Am%20I.mp3
S	Who Knows Where The Time Goes	https://archive.org/download/nina_20210202/36%20Who%20Knows%20Where%20The%20Time%20Goes.mp3
S	Why Keep On Breaking My Heart	https://archive.org/download/pleasebringithome/Why%20Keep%20On%20Breaking%20My%20Heart.mp3
S	Why Must Your Love Well Be so Dry	https://archive.org/download/pleasebringithome/Why%20Must%20Your%20Love%20Well%20Be%20so%20Dry.mp3
S	Wild Is The Wind	https://archive.org/download/nina_20210202/06%20Wild%20Is%20The%20Wind%20.mp3
S	Willow Weep for Me	https://archive.org/download/pleasebringithome/Willow%20Weep%20for%20Me.mp3
S	Work Song	https://archive.org/download/pleasebringithome/Work%20Song.mp3
S	You Can Have Him	https://archive.org/download/nina_20210202/05%20You%20Can%20Have%20Him%20.mp3
S	You Can Have Him (Live Version - Sept. 1959)	https://archive.org/download/pleasebringithome/You%20Can%20Have%20Him%20%28Live%20Version%20-%20Sept.%201959%29.mp3
S	You Can Sing a Rainbow	https://archive.org/download/pleasebringithome/You%20Can%20Sing%20a%20Rainbow.mp3
S	You Made Me Care	https://archive.org/download/pleasebringithome/You%20Made%20Me%20Care.mp3
S	You'll Never Walk Alone (2013 Remastered Version)	https://archive.org/download/pleasebringithome/You%27ll%20Never%20Walk%20Alone%20%282013%20Remastered%20Version%29.mp3
S	You've Been Gone Too Long	https://archive.org/download/pleasebringithome/You%27ve%20Been%20Gone%20Too%20Long.mp3
S	Zungo	https://archive.org/download/pleasebringithome/Zungo.mp3
A	At Carnegie Hall - full album	https://archive.org/download/8-dd-nina-simone/8DD%20Nina%20Simone.mp3
A	High Priestess of Soul (1967) - full album	https://archive.org/download/AlbumDeFamilia091/NinaSimone_HighPriestessOfSoul_1967.mp3
